<?xml version="1.0" encoding="UTF-8"?>
<project-private xmlns="http://www.netbeans.org/ns/project-private/1">
    <editor-bookmarks xmlns="http://www.netbeans.org/ns/editor-bookmarks/2" lastBookmarkId="0"/>
    <open-files xmlns="http://www.netbeans.org/ns/projectui-open-files/2">
        <group>
            <file>file:/Applications/MAMP/htdocs/HonorsCompSci/login.php</file>
            <file>file:/Applications/MAMP/htdocs/HonorsCompSci/Home.html</file>
            <file>file:/Applications/MAMP/htdocs/HonorsCompSci/index.html</file>
            <file>file:/Applications/MAMP/htdocs/HonorsCompSci/about.html</file>
            <file>file:/Applications/MAMP/htdocs/HonorsCompSci/Image-Gallery.html</file>
            <file>file:/Applications/MAMP/htdocs/HonorsCompSci/roster.html</file>
            <file>file:/Applications/MAMP/htdocs/HonorsCompSci/Location.html</file>
            <file>file:/Applications/MAMP/htdocs/HonorsCompSci/YearLongSchedule.html</file>
            <file>file:/Applications/MAMP/htdocs/HonorsCompSci/studentRef.php</file>
        </group>
    </open-files>
</project-private>
